CBSA Code,CBSA Title,Metropolitan/Micropolitan Statistical Area,Population,Employment,Science and Engineering Bachelor's,Phd,Profiles,Publications,Patents,Contracts,HPC,Job Postings,Firm AI Use,Firm Data Readiness,Firm Cloud Readiness,Occupational Exposure to AI,AI Startups,VC Funding,cluster
38660,"Ponce, PR",Metropolitan Statistical Area,#N/A,#N/A,11999,0,#N/A,#N/A,0,0,#N/A,#N/A,#N/A,#N/A,#N/A,#N/A,0,0,#N/A
10380,"Aguadilla, PR",Metropolitan Statistical Area,#N/A,#N/A,9914,0,#N/A,#N/A,0,0,#N/A,#N/A,#N/A,#N/A,#N/A,#N/A,0,0,#N/A
11640,"Arecibo, PR",Metropolitan Statistical Area,#N/A,#N/A,7544,0,#N/A,#N/A,0,0,#N/A,#N/A,#N/A,#N/A,#N/A,#N/A,0,0,#N/A
25020,"Guayama, PR",Metropolitan Statistical Area,#N/A,#N/A,2280,0,#N/A,#N/A,0,0,#N/A,#N/A,#N/A,#N/A,#N/A,#N/A,0,0,#N/A
20580,"Eagle Pass, TX",Metropolitan Statistical Area,57664.2609,18332.56183,1357,0,#N/A,#N/A,0,0,#N/A,0,6.6,#N/A,#N/A,0.315090573,0,0,#N/A
40220,"Roanoke, VA",Metropolitan Statistical Area,314906.2368,151137.2643,14931,0,80,#N/A,2,0,#N/A,106,4.5,#DIV/0!,#DIV/0!,0.330876162,1,1,6
17020,"Chico, CA",Metropolitan Statistical Area,204838.8372,78858.64613,9483,0,66,#N/A,0,0,#N/A,104,3.3,#DIV/0!,#DIV/0!,0.320042706,1,0,#N/A
45900,"Traverse City, MI",Metropolitan Statistical Area,157840.0661,67868.76803,10562,0,47,#N/A,2,0,#N/A,20,2.3,#N/A,#N/A,0.32257927,3,1,#N/A
38240,"Pinehurst-Southern Pines, NC",Metropolitan Statistical Area,108702.5278,39564.0435,5967,0,44,#N/A,3,0,#N/A,19,4.9,#N/A,#N/A,0.304787733,1,0,#N/A
27500,"Janesville-Beloit, WI",Metropolitan Statistical Area,164603.0179,69059.5395,5923,0,27,#N/A,1,0,#N/A,62,3.3,#DIV/0!,#DIV/0!,0.316488914,1,0,#N/A
43300,"Sherman-Denison, TX",Metropolitan Statistical Area,150073.6707,51919.24626,16818,0,23,#N/A,0,0,#N/A,80,8,#DIV/0!,#DIV/0!,0.311032968,1,0,#N/A
25740,"Helena, MT",Metropolitan Statistical Area,98279.12678,43516.95087,5880,0,22,#N/A,0,0,#N/A,1527,5.8,#N/A,#N/A,0.360626302,0,0,#N/A
13020,"Bay City, MI",Metropolitan Statistical Area,102431.4536,33918.96167,3701,0,22,#N/A,1,0,#N/A,16,1.8,#DIV/0!,#DIV/0!,0.308813504,0,0,#N/A
29700,"Laredo, TX",Metropolitan Statistical Area,267911.9266,106311.8436,6728,0,13,#N/A,3,0,#N/A,145,3.5,#DIV/0!,#DIV/0!,0.331063222,0,0,6
16540,"Chambersburg, PA",Metropolitan Statistical Area,158629.7389,59275.00262,5867,0,13,#N/A,0,0,#N/A,44,2.7,#DIV/0!,#DIV/0!,0.29311616,0,0,#N/A
11500,"Anniston-Oxford, AL",Metropolitan Statistical Area,117051.5446,43547.5457,3562,0,11,#N/A,0,0,#N/A,12,3.1,#DIV/0!,0,0.305243711,0,0,#N/A
24140,"Goldsboro, NC",Metropolitan Statistical Area,118245.4269,41448.56023,3141,0,10,#N/A,0,0,#N/A,23,3.9,#DIV/0!,#DIV/0!,0.302433445,0,0,#N/A
46300,"Twin Falls, ID",Metropolitan Statistical Area,122942.2281,53455.1449,2764,0,10,#N/A,0,0,#N/A,50,3,#N/A,#N/A,0.293361487,1,0,#N/A
41780,"Sandusky, OH",Metropolitan Statistical Area,113642.7723,50410.95408,5032,0,8,#N/A,2,0,#N/A,25,3.6,#N/A,#N/A,0.299160741,0,1,#N/A
37140,"Paducah, KY-IL",Metropolitan Statistical Area,102704.8456,50344.16593,3797,0,8,#N/A,0,0,#N/A,10,3.5,#N/A,#N/A,0.309343694,0,3,#N/A
23460,"Gadsden, AL",Metropolitan Statistical Area,103477.9471,32813.41215,2781,0,5,#N/A,0,0,#N/A,11,4.6,#DIV/0!,#DIV/0!,0.29978506,0,0,#N/A
33500,"Minot, ND",Metropolitan Statistical Area,75699.76903,33392.588,2986,0,4,#N/A,0,0,#N/A,11,5.3,#N/A,#N/A,0.303551935,0,0,#N/A
21420,"Enid, OK",Metropolitan Statistical Area,62188.4559,23291.3441,1916,0,2,#N/A,0,0,#N/A,77,3.2,#DIV/0!,#DIV/0!,0.30436423,0,0,#N/A
42100,"Santa Cruz-Watsonville, CA",Metropolitan Statistical Area,259078.7603,104591.6324,21392,0,248,39.3,86,0,4306434.753,202,2.9,#DIV/0!,#DIV/0!,0.32120019,16,13,3
12220,"Auburn-Opelika, AL",Metropolitan Statistical Area,205349.4462,71252.62814,11555,691,93,3.1,1,0,2280761.815,177,4.3,#DIV/0!,#DIV/0!,0.315391069,0,0,#N/A
12620,"Bangor, ME",Metropolitan Statistical Area,156378.5817,71170.92346,8326,119,35,#N/A,0,0,2225353.846,56,2.6,#DIV/0!,#DIV/0!,0.326242317,1,0,#N/A
26380,"Houma-Bayou Cane-Thibodaux, LA",Metropolitan Statistical Area,196010.6889,82613.53253,6800,0,13,#N/A,0,0,1948248.432,48,4.1,#DIV/0!,#DIV/0!,0.298908357,0,1,#N/A
14580,"Bozeman, MT",Metropolitan Statistical Area,128942.6016,72099.91703,10141,152,112,1,180,0,1236830.698,154,4.7,#N/A,#N/A,0.336874814,9,7,#N/A
22020,"Fargo, ND-MN",Metropolitan Statistical Area,266664.2023,146820.5603,17030,234,116,1.5,6,0,325739.7093,245,4.1,#DIV/0!,#DIV/0!,0.330468474,3,10,5
32420,"Mayagüez, PR",Metropolitan Statistical Area,#N/A,#N/A,8653,94,#N/A,#N/A,0,0,220577.8302,#N/A,#N/A,#N/A,#N/A,#N/A,0,0,#N/A
41980,"San Juan-Bayamón-Caguas, PR",Metropolitan Statistical Area,#N/A,#N/A,20646,459,#N/A,#N/A,6,0,31146.59555,#N/A,#N/A,#N/A,#N/A,#N/A,0,3,#N/A
12540,"Bakersfield-Delano, CA",Metropolitan Statistical Area,914936.6942,346250.0068,24845,0,92,#N/A,3,0,491.401834,400,3.1,#DIV/0!,#DIV/0!,0.289239988,13,0,6
41420,"Salem, OR",Metropolitan Statistical Area,436558.157,191047.2781,3876,0,67,#N/A,0,0,82.893506,1424,3.7,#DIV/0!,#DIV/0!,0.333020092,1,1,6
47460,"Walla Walla, WA",Metropolitan Statistical Area,61654.05526,29160.62066,2754,0,16,#N/A,1,0,#N/A,14,2.2,54,32.54285714,0.307387987,3,1,#N/A
20100,"Dover, DE",Metropolitan Statistical Area,192026.8379,70702.01181,6491,12,44,#N/A,36,0,1457511.272,1335,7.4,47,26.95,0.330764223,197,193,#N/A
21820,"Fairbanks-College, AK",Metropolitan Statistical Area,94522.85185,36662.60598,4304,14,23,#N/A,0,0,1.000686,72,3.1,43,16.03333333,0.329279486,0,0,#N/A
43420,"Sierra Vista-Douglas, AZ",Metropolitan Statistical Area,124021.3855,34981.17913,14986,714,23,#N/A,0,0,#N/A,99,6,41,26.01428571,0.343643026,0,0,#N/A
40580,"Rocky Mount, NC",Metropolitan Statistical Area,145838.9908,54677.41952,4082,0,15,#N/A,0,0,#N/A,37,2.9,41,16,0.311149589,0,1,#N/A
21060,"Elizabethtown, KY",Metropolitan Statistical Area,127945.3215,51058.85023,34210,290,18,#N/A,1,1,#N/A,40,2.7,40,29.35714286,0.332661457,0,0,#N/A
25980,"Hinesville, GA",Metropolitan Statistical Area,91111.52863,21033.54802,1440,0,9,#N/A,0,0,#N/A,7,12.2,40,27,0.319060087,0,0,#N/A
27740,"Johnson City, TN",Metropolitan Statistical Area,215889.0943,81688.97368,11199,0,43,#N/A,0,0,69175.04398,35,3.4,40,22.67142857,0.343334731,0,0,#N/A
12980,"Battle Creek, MI",Metropolitan Statistical Area,133301.8586,53915.53654,5174,0,15,#N/A,1,0,#N/A,63,5.5,39,16.2,0.323143342,2,0,#N/A
31740,"Manhattan, KS",Metropolitan Statistical Area,133523.4912,52424.39945,5680,230,51,2.5,1,0,#N/A,43,7.6,39,22.3875,0.334840547,0,0,#N/A
27060,"Ithaca, NY",Metropolitan Statistical Area,104453.7945,47583.9689,8703,1452,399,85.9,17,0,41939805.37,225,3.8,39,25.15,0.371682522,5,15,#N/A
23540,"Gainesville, FL",Metropolitan Statistical Area,357570.1163,151988.2087,22065,1016,577,4.6,40,1,30398021.59,505,6.2,39,31.07142857,0.342927146,9,5,2
14500,"Boulder, CO",Metropolitan Statistical Area,326150.4705,193859.0554,37379,1384,970,38.9,128,5,6619247.457,1550,7.7,39,32.74285714,0.412668026,89,82,2
18700,"Corvallis, OR",Metropolitan Statistical Area,98958.26763,38764.29692,8085,577,134,34.4,9,1,975049.2145,200,5.1,39,32.62857143,0.364891848,2,4,#N/A
42020,"San Luis Obispo-Paso Robles, CA",Metropolitan Statistical Area,281830.6476,121269.9661,24825,0,200,#N/A,10,0,110917.4084,159,2.6,39,21.45,0.311887772,3,6,4
30860,"Logan, UT-ID",Metropolitan Statistical Area,161525.5559,67228.47076,7532,212,95,2.5,6,0,#N/A,114,7.2,38,25.6875,0.33371631,0,0,#N/A
34060,"Morgantown, WV",Metropolitan Statistical Area,142638.5751,66190.39365,9459,285,71,6.4,1,1,23424257.49,116,3.1,38,19.7625,0.342586264,1,0,#N/A
12420,"Austin-Round Rock-San Marcos, TX",Metropolitan Statistical Area,2533250.365,1258801.508,216294,2084,7082,127.1,982,11,15981520.49,11803,6.3,38,31.8625,0.380604226,499,307,2
41100,"St. George, UT",Metropolitan Statistical Area,208739.4021,84684.58273,15375,97,52,#N/A,4,1,209579.29,27,2.1,38,29.2,0.300447242,2,0,#N/A
28660,"Killeen-Temple, TX",Metropolitan Statistical Area,509796.206,149798.0977,15444,0,79,#N/A,0,1,#N/A,168,4.4,37,21.55,0.324694272,1,1,5
32780,"Medford, OR",Metropolitan Statistical Area,220037.939,90888.99989,10195,0,40,#N/A,1,0,#N/A,124,3.1,37,21.975,0.320613187,0,0,#N/A
38540,"Pocatello, ID",Metropolitan Statistical Area,91176.20249,36942.56222,4465,41,22,#N/A,1,0,#N/A,33,5.2,37,17.775,0.320764217,0,0,#N/A
34580,"Mount Vernon-Anacortes, WA",Metropolitan Statistical Area,131788.9302,53273.62921,6012,0,15,#N/A,2,0,#N/A,63,6.9,37,23.375,0.309325415,0,0,#N/A
27860,"Jonesboro, AR",Metropolitan Statistical Area,137040.7897,59691.31621,4924,0,12,#N/A,2,0,#N/A,46,3.4,37,25.15,0.303223788,1,0,#N/A
30300,"Lewiston, ID-WA",Metropolitan Statistical Area,66157.9147,28825.27587,2486,0,9,#N/A,0,0,#N/A,24,3,37,20.57142857,0.312360638,0,0,#N/A
30620,"Lima, OH",Metropolitan Statistical Area,100551.6774,49502.12843,3467,0,8,#N/A,9,0,#N/A,24,3.4,37,16.7875,0.312232033,0,0,#N/A
36980,"Owensboro, KY",Metropolitan Statistical Area,112978.1405,48248.12004,4281,0,7,#N/A,0,0,#N/A,61,6.2,37,24.875,0.298900023,0,0,#N/A
20940,"El Centro, CA",Metropolitan Statistical Area,178589.566,66561.59233,3744,0,3,#N/A,0,0,#N/A,51,6,37,21.075,0.301209407,1,0,#N/A
33540,"Missoula, MT",Metropolitan Statistical Area,127927.1734,66318.82066,6642,13,62,#N/A,2,0,599416.3179,78,5.4,37,22.6375,0.341993408,3,3,#N/A
13460,"Bend, OR",Metropolitan Statistical Area,264354.2672,107455.1406,12861,0,161,#N/A,3,0,#N/A,138,3.4,36,25.95714286,0.333224549,6,9,4
17820,"Colorado Springs, CO",Metropolitan Statistical Area,772325.7045,316477.3509,54943,0,507,3.6,23,5,#N/A,1837,4.1,36,23.85,0.361964229,8,7,3
45220,"Tallahassee, FL",Metropolitan Statistical Area,394857.4514,187975.5505,19047,579,237,14.3,6,0,2987768.938,1621,6.1,36,22.175,0.361660203,9,3,3
13380,"Bellingham, WA",Metropolitan Statistical Area,232955.2958,93543.88325,11939,0,88,#N/A,2,0,#N/A,30,4.1,35,23.175,0.319496399,1,1,#N/A
49740,"Yuma, AZ",Metropolitan Statistical Area,214156.4161,71563.66128,5016,0,19,#N/A,0,0,#N/A,67,4.2,35,27.4,0.308902607,0,0,#N/A
49420,"Yakima, WA",Metropolitan Statistical Area,257039.2436,117143.2016,5701,0,18,#N/A,2,0,#N/A,34,2.5,35,18.85,0.28573671,1,2,6
10500,"Albany, GA",Metropolitan Statistical Area,145289.2153,58427.47964,4039,0,12,#N/A,0,0,#N/A,59,3.9,35,22.3375,0.325867391,0,0,#N/A
48300,"Wenatchee-East Wenatchee, WA",Metropolitan Statistical Area,125866.2368,58365.08854,4256,0,11,#N/A,1,0,#N/A,107,2.3,35,22.2625,0.293134988,0,0,#N/A
43580,"Sioux City, IA-NE-SD",Metropolitan Statistical Area,145325.9769,74806.53454,14770,0,9,#N/A,1,0,#N/A,27,3.9,35,20.325,0.296928891,0,0,#N/A
24420,"Grants Pass, OR",Metropolitan Statistical Area,87821.58215,31288.65056,2695,0,6,#N/A,0,0,#N/A,14,1.7,35,12.525,0.314743137,0,0,#N/A
11180,"Ames, IA",Metropolitan Statistical Area,125963.7023,57856.77042,7955,1088,149,11,22,0,13398275.95,113,4.4,35,27.08571429,0.344919484,2,4,#N/A
20500,"Durham-Chapel Hill, NC",Metropolitan Statistical Area,614647.1981,341546.8689,51834,1221,1150,88.9,81,5,4876203.195,1716,4.4,35,26.7625,0.383543621,50,65,2
15540,"Burlington-South Burlington, VT",Metropolitan Statistical Area,229582.9744,121882.421,16287,108,126,3.8,80,0,16424.04517,236,5.9,35,27.22857143,0.356839974,2,3,#N/A
23060,"Fort Wayne, IN",Metropolitan Statistical Area,461875.0407,222647.8162,22949,0,116,#N/A,3,0,#N/A,288,4.2,34,27.1375,0.323298456,1,0,4
14540,"Bowling Green, KY",Metropolitan Statistical Area,191697.0255,79400.8258,7183,0,30,#N/A,0,0,#N/A,96,4.7,34,27.0375,0.313797238,1,0,#N/A
13740,"Billings, MT",Metropolitan Statistical Area,194020.3351,93453.1392,10829,0,24,#N/A,0,0,#N/A,262,5.3,34,22.2,0.320938977,1,0,#N/A
10780,"Alexandria, LA",Metropolitan Statistical Area,147222.5979,59541.29826,5110,0,13,#N/A,1,0,#N/A,24,6.5,34,23.15,0.316675016,0,0,#N/A
44220,"Springfield, OH",Metropolitan Statistical Area,134565.409,47276.31124,178577,660,3,#N/A,0,0,#N/A,29,5.1,34,33.58571429,0.319297969,0,0,#N/A
21660,"Eugene-Springfield, OR",Metropolitan Statistical Area,380627.7855,157130.8823,15619,127,144,16.2,12,0,#N/A,263,2.6,34,27.54285714,0.33114123,14,4,4
16580,"Champaign-Urbana, IL",Metropolitan Statistical Area,235705.5736,106680.5591,14850,2655,668,177.2,22,1,157883611.9,309,3.3,34,22.6375,0.343961188,12,10,#N/A
29620,"Lansing-East Lansing, MI",Metropolitan Statistical Area,472826.0555,216979.6768,26734,768,342,35.3,10,0,16345728.72,2262,2.8,34,24.1125,0.365974873,13,10,2
22660,"Fort Collins-Loveland, CO",Metropolitan Statistical Area,373963.2405,173698.759,30522,622,415,#N/A,47,1,8623711.247,585,4.4,34,28.25,0.351059518,9,2,2
38900,"Portland-Vancouver-Hillsboro, OR-WA",Metropolitan Statistical Area,2507687.804,1219361.998,37815,0,2413,5.1,191,2,6278438.816,4930,4.7,34,28,0.357805126,93,66,3
32900,"Merced, CA",Metropolitan Statistical Area,295085.5074,84562.66755,4497,213,53,41.1,0,0,3366927.03,89,4.2,34,25.175,0.281079423,1,0,3
26620,"Huntsville, AL",Metropolitan Statistical Area,540848.9087,261048.467,51768,187,421,#N/A,32,18,1924347.083,2653,3.9,34,28.2375,0.375205518,11,7,2
31180,"Lubbock, TX",Metropolitan Statistical Area,362349.9145,165237.7077,13698,544,123,#N/A,7,0,1507349.801,214,4.1,34,26.2375,0.330541804,3,1,4
34980,"Nashville-Davidson--Murfreesboro--Franklin, TN",Metropolitan Statistical Area,2136895.002,1093791.8,121485,576,1641,8.8,74,3,627011.5129,4250,4.4,34,24.9,0.350711269,55,39,4
27620,"Jefferson City, MO",Metropolitan Statistical Area,151134.0408,76979.8567,6122,0,24,#N/A,0,0,40969.45037,1089,3.1,34,21.75,0.349084228,0,0,#N/A
34620,"Muncie, IN",Metropolitan Statistical Area,112409.759,44527.36608,4674,0,17,#N/A,0,0,0.084846,31,6.1,34,20.525,0.323006757,0,0,#N/A
36260,"Ogden, UT",Metropolitan Statistical Area,664844.6916,268899.1489,35400,0,157,#N/A,16,5,#N/A,348,3.9,33,23.9375,0.334036174,3,1,4
29100,"La Crosse-Onalaska, WI-MN",Metropolitan Statistical Area,170882.3835,82968.22194,9059,0,45,#N/A,0,0,#N/A,49,5.1,33,19.9625,0.327419826,1,0,#N/A
23580,"Gainesville, GA",Metropolitan Statistical Area,221250.0847,101629.1027,7649,0,36,#N/A,1,0,#N/A,78,2.7,33,20.92857143,0.302189813,0,0,#N/A
27180,"Jackson, TN",Metropolitan Statistical Area,182806.6541,84019.09034,5412,0,10,#N/A,0,0,#N/A,38,3.6,33,16.7875,0.308829683,0,0,#N/A
16180,"Carson City, NV",Metropolitan Statistical Area,58310.69691,31421.93216,2317,0,8,#N/A,6,0,#N/A,956,3.4,33,24.05,0.355061004,1,0,#N/A
24260,"Grand Island, NE",Metropolitan Statistical Area,76660.79808,39879.90409,1954,0,5,#N/A,0,0,#N/A,33,3.6,33,18.05,0.291690956,0,0,#N/A
14020,"Bloomington, IN",Metropolitan Statistical Area,159748.1092,72447.14354,10150,554,370,27.7,15,0,#N/A,229,7,33,23.7875,0.342406746,10,15,#N/A
29740,"Las Cruces, NM",Metropolitan Statistical Area,226713.0135,78523.5588,10444,185,41,1,1,0,#N/A,412,4.6,33,25.0625,0.328914144,1,1,#N/A
11460,"Ann Arbor, MI",Metropolitan Statistical Area,364385.8627,217799.1988,41620,2243,1062,101.6,76,5,107748590.7,1436,6.7,33,24.2875,0.378450545,43,26,2
38060,"Phoenix-Mesa-Chandler, AZ",Metropolitan Statistical Area,5103659.681,2333162.997,289301,1273,3798,81.3,342,4,14322998.79,9291,4.4,33,28.6625,0.353949898,139,60,3
16700,"Charleston-North Charleston, SC",Metropolitan Statistical Area,862905.4221,383701.1302,53198,1,463,#N/A,23,0,1051468.233,851,4.3,33,28.75,0.337418483,26,12,4
39340,"Provo-Orem-Lehi, UT",Metropolitan Statistical Area,752344.7756,297617.8944,37585,210,840,3.5,97,1,703614.0271,874,7,33,24.0625,0.362160918,58,26,3
24300,"Grand Junction, CO",Metropolitan Statistical Area,160894.1329,65825.69425,7162,0,41,#N/A,1,0,251982.045,26,5.3,33,20.68571429,0.326312874,1,0,#N/A
11100,"Amarillo, TX",Metropolitan Statistical Area,274450.345,122281.8976,9098,0,34,#N/A,0,0,135654.1681,127,4.6,33,25.4,0.318375121,1,0,4
49180,"Winston-Salem, NC",Metropolitan Statistical Area,701420.7378,270222.637,31173,59,171,#N/A,38,0,62403.65088,356,3.4,33,26.28571429,0.323631221,9,4,5
43620,"Sioux Falls, SD-MN",Metropolitan Statistical Area,311286.2038,173733.5567,30685,0,75,#N/A,11,0,#N/A,319,4.8,32,22.7875,0.333543538,2,3,5
42140,"Santa Fe, NM",Metropolitan Statistical Area,156910.5126,61481.59329,24977,0,73,#N/A,8,0,#N/A,1217,4.3,32,28.82857143,0.340644884,8,4,#N/A
11260,"Anchorage, AK",Metropolitan Statistical Area,402285.5459,174886.4785,22063,0,62,#N/A,1,2,#N/A,544,5.5,32,20.55,0.340907209,0,1,4
35660,"Niles, MI",Metropolitan Statistical Area,151967.116,60873.87273,8374,0,38,#N/A,16,0,#N/A,54,7.6,32,18.2125,0.312269794,0,0,#N/A
31860,"Mankato, MN",Metropolitan Statistical Area,104888.7163,55589.76855,4521,0,34,#N/A,0,0,#N/A,43,7.4,32,30.15714286,0.320377715,0,0,#N/A
10540,"Albany, OR",Metropolitan Statistical Area,132027.6889,48358.37214,4374,0,23,#N/A,0,0,#N/A,73,3.4,32,27.1375,0.300090595,0,0,#N/A
19500,"Decatur, IL",Metropolitan Statistical Area,99868.49758,45172.04063,3737,0,20,#N/A,0,0,#N/A,37,6.9,32,15.3375,0.30916168,0,0,#N/A
21140,"Elkhart-Goshen, IN",Metropolitan Statistical Area,206236.2337,128621.4592,4487,0,16,#N/A,3,0,#N/A,88,2.3,32,22,0.288839916,0,0,#N/A
17420,"Cleveland, TN",Metropolitan Statistical Area,130760.9768,44793.3794,3973,0,10,#N/A,0,0,#N/A,49,3.5,32,25.1375,0.302301211,0,0,#N/A
34100,"Morristown, TN",Metropolitan Statistical Area,125742.7735,47644.67752,3931,0,8,#N/A,0,0,#N/A,38,4.4,32,19.475,0.291216199,0,0,#N/A
41620,"Salt Lake City-Murray, UT",Metropolitan Statistical Area,1272749.548,812810.149,519678,1612,1554,34,133,1,15135891.11,3764,5.9,32,26.8125,0.375947549,71,58,3
45940,"Trenton-Princeton, NJ",Metropolitan Statistical Area,383275.0722,263178.7237,28382,871,484,58,43,1,10572595.62,3103,4.8,32,22.7625,0.381947354,49,15,2
17900,"Columbia, SC",Metropolitan Statistical Area,864640.9501,390920.8222,41396,434,250,10.9,12,2,9761039.935,1771,5.8,32,25.2,0.34527786,0,5,3
26420,"Houston-Pasadena-The Woodlands, TX",Metropolitan Statistical Area,7618467.72,3236437.967,491070,1625,4411,36.2,763,5,9602714.276,11369,4.7,32,25.35,0.337522239,210,113,4
37860,"Pensacola-Ferry Pass-Brent, FL",Metropolitan Statistical Area,536549.5214,189464.699,25233,0,138,#N/A,2,0,5508134.006,310,4.5,32,22.0875,0.335430024,4,2,5
29940,"Lawrence, KS",Metropolitan Statistical Area,120499.5174,50579.11111,7892,298,85,2.4,12,0,2991310.205,117,4.5,32,27.1375,0.341642798,0,0,#N/A
16820,"Charlottesville, VA",Metropolitan Statistical Area,226973.7871,113293.3824,19066,850,370,48.8,24,0,2416831.907,505,5.9,32,26.825,0.356702819,15,24,#N/A
28420,"Kennewick-Richland, WA",Metropolitan Statistical Area,317431.9714,135152.9212,16195,0,72,#N/A,14,0,2066987.724,295,3.4,32,23.3625,0.310549093,1,0,5
21340,"El Paso, TX",Metropolitan Statistical Area,878423.5145,331276.9761,3765,0,168,#N/A,1,0,1239552.549,337,4.8,32,26.45,0.334099636,5,2,4
33660,"Mobile, AL",Metropolitan Statistical Area,410993.0311,172441.0577,16413,60,65,#N/A,4,0,459163.1268,166,4.5,32,24.325,0.315139858,2,4,5
17780,"College Station-Bryan, TX",Metropolitan Statistical Area,286791.9395,132931.7167,14798,2051,425,44.6,18,0,122392.3077,314,5.6,32,22.75,0.346258745,0,0,2
12020,"Athens-Clarke County, GA",Metropolitan Statistical Area,224591.7973,94167.88924,10233,330,166,11.3,1,0,100793.8474,204,6.9,32,28.4375,0.328341581,1,5,#N/A
11700,"Asheville, NC",Metropolitan Statistical Area,421417.9336,186773.2651,24981,0,163,#N/A,5,0,34336.04717,172,4.4,32,25.7125,0.32085104,9,3,4
20260,"Duluth, MN-WI",Metropolitan Statistical Area,282625.8609,124184.154,13969,0,38,#N/A,3,0,1699.582008,122,2.8,32,21.9375,0.32569155,0,0,6
32580,"McAllen-Edinburg-Mission, TX",Metropolitan Statistical Area,906021.0638,289102.2617,23826,39,63,#N/A,0,0,7.118348,151,2.9,32,15.48571429,0.329607324,1,1,6
16860,"Chattanooga, TN-GA",Metropolitan Statistical Area,586422.4005,267058.9611,29233,0,221,#N/A,8,0,#N/A,346,4.9,31,26.975,0.329632833,4,5,4
48620,"Wichita, KS",Metropolitan Statistical Area,656163.6199,303998.7533,5466,0,164,#N/A,8,0,#N/A,1176,4.6,31,22.0125,0.329409679,4,2,5
42340,"Savannah, GA",Metropolitan Statistical Area,432671.6304,194475.121,3213,0,141,#N/A,6,0,#N/A,672,4.5,31,24.45,0.316187958,4,1,4
46700,"Vallejo, CA",Metropolitan Statistical Area,448452.3095,142599.5301,21423,0,75,#N/A,1,1,#N/A,98,5.1,31,23.42857143,0.310894001,4,0,5
26820,"Idaho Falls, ID",Metropolitan Statistical Area,172086.3755,80320.89497,9268,0,48,#N/A,4,0,#N/A,104,3.2,31,16.3125,0.332834585,3,1,#N/A
25060,"Gulfport-Biloxi, MS",Metropolitan Statistical Area,423312.6966,158981.8611,19258,0,47,#N/A,0,0,#N/A,161,2.9,31,19.625,0.303580568,1,1,6
46340,"Tyler, TX",Metropolitan Statistical Area,248660.1175,112808.344,9917,0,46,#N/A,4,0,#N/A,101,3.6,31,26.875,0.321714605,1,0,#N/A
39150,"Prescott Valley-Prescott, AZ",Metropolitan Statistical Area,252620.036,70827.76532,12520,0,45,#N/A,1,0,#N/A,66,2.8,31,22.3,0.310981216,0,0,5
35980,"Norwich-New London-Willimantic, CT",Metropolitan Statistical Area,279931.843,125747.395,17932,0,42,#N/A,1,1,#N/A,137,3.2,31,26.2125,0.332734983,1,0,4
25940,"Hilton Head Island-Bluffton-Port Royal, SC",Metropolitan Statistical Area,236228.4121,82159.11,14256,0,37,#N/A,4,0,#N/A,70,4.6,31,21.6875,0.3151772,0,1,#N/A
36780,"Oshkosh-Neenah, WI",Metropolitan Statistical Area,171974.1668,93165.71132,8454,0,36,#N/A,17,0,#N/A,142,4.7,31,24.6625,0.333918739,0,0,#N/A
19300,"Daphne-Fairhope-Foley, AL",Metropolitan Statistical Area,261012.2579,84005.31402,12805,0,35,#N/A,0,0,#N/A,38,5.8,31,23.425,0.305257373,3,0,4
25500,"Harrisonburg, VA",Metropolitan Statistical Area,138861.8511,66131.22359,5254,0,30,#N/A,0,0,#N/A,72,6.9,31,24.2375,0.29994075,0,0,#N/A
27980,"Kahului-Wailuku, HI",Metropolitan Statistical Area,163008.0825,72763.49017,6763,0,26,#N/A,0,0,#N/A,41,2.4,31,20.8375,0.289279018,2,1,#N/A
29420,"Lake Havasu City-Kingman, AZ",Metropolitan Statistical Area,226576.595,55743.61351,5378,0,7,#N/A,1,0,#N/A,20,4,31,19.7375,0.306921545,1,0,#N/A
31900,"Mansfield, OH",Metropolitan Statistical Area,125726.7621,48767.17896,3975,0,6,#N/A,0,0,#N/A,29,3.8,31,26.525,0.310942352,0,1,#N/A
22140,"Farmington, NM",Metropolitan Statistical Area,119896.2946,46077.50537,2516,0,1,#N/A,2,0,#N/A,32,4.7,31,21.475,0.30164844,0,0,#N/A
22220,"Fayetteville-Springdale-Rogers, AR",Metropolitan Statistical Area,604204.1174,264847.2411,29346,372,511,4.8,216,1,#N/A,1477,3.1,31,20.125,0.329889289,12,9,3
41740,"San Diego-Chula Vista-Carlsbad, CA",Metropolitan Statistical Area,3252554.557,1534047.197,15825,0,4595,163.5,943,21,122709313.3,6699,4.5,31,26,0.35084704,277,176,2
47900,"Washington-Arlington-Alexandria, DC-VA-MD-WV",Metropolitan Statistical Area,6326186.025,3165002.532,564261,3083,9983,197.5,1799,206,30497432.99,35957,5.6,31,27.3,0.390870209,522,268,2
41860,"San Francisco-Oakland-Fremont, CA",Metropolitan Statistical Area,4518695.273,2412192.258,16594,383,25533,195,5824,34,28828635.94,29080,6.7,31,27.3,0.386009591,3641,2749,1
45500,"Texarkana, TX-AR",Metropolitan Statistical Area,145405.0188,57152.78405,4140,0,12,#N/A,0,0,22482390.96,32,5.2,31,19.775,0.310721337,0,0,#N/A
41940,"San Jose-Sunnyvale-Santa Clara, CA",Metropolitan Statistical Area,1932365.845,1136302.301,9806,0,10174,224,10060,22,10498465.88,29778,7,31,25.675,0.425453381,1532,942,1
19100,"Dallas-Fort Worth-Arlington, TX",Metropolitan Statistical Area,8236987.391,3979440.129,530550,2093,7838,49,816,5,9919933.299,22043,4.6,31,26.225,0.359954293,344,137,3
39580,"Raleigh-Cary, NC",Metropolitan Statistical Area,1538371.546,720448.7129,141684,1505,2472,13.9,328,2,7888815.31,4882,4.3,31,27.1625,0.369436173,76,63,2
31140,"Louisville/Jefferson County, KY-IN",Metropolitan Statistical Area,1371057.297,680064.2498,71413,163,496,#N/A,19,0,4160577.624,1338,4.6,31,22.85,0.329047674,3,21,5
19740,"Denver-Aurora-Centennial, CO",Metropolitan Statistical Area,3013870.153,1599738.304,248608,598,4688,4.5,574,6,3233653.561,8759,5.4,31,29.15,0.37462648,200,112,3
19430,"Dayton-Kettering-Beavercreek, OH",Metropolitan Statistical Area,815889.1061,370498.3901,51997,298,358,#N/A,20,7,1166775.175,1434,4.2,31,24.45,0.346156233,16,11,4
16740,"Charlotte-Concord-Gastonia, NC-SC",Metropolitan Statistical Area,2847691.049,1331983.346,168151,338,2547,12.4,878,1,666048.0304,6921,4.4,31,26.3875,0.348649817,61,39,3
42220,"Santa Rosa-Petaluma, CA",Metropolitan Statistical Area,479962.7353,207823.3942,8149,0,150,#N/A,24,0,595101.8229,368,3.9,31,25.4125,0.315593109,6,6,5
33340,"Milwaukee-Waukesha, WI",Metropolitan Statistical Area,1557238.507,814506.2661,103976,354,937,1,288,1,518293.9497,2663,4.6,31,23.8625,0.34379801,28,10,5
10740,"Albuquerque, NM",Metropolitan Statistical Area,922334.791,400437.3433,55868,341,268,1.5,42,3,370355.4682,1198,4.9,31,25.1375,0.351964404,13,12,3
37100,"Oxnard-Thousand Oaks-Ventura, CA",Metropolitan Statistical Area,824805.859,333724.1512,47699,0,316,#N/A,32,4,274.123152,846,5.3,31,25.84285714,0.330471528,16,6,3
25420,"Harrisburg-Carlisle, PA",Metropolitan Statistical Area,612246.0309,333888.0746,35006,76,193,#N/A,2,0,#N/A,1135,4.2,30,24.9,0.338707312,9,0,5
18880,"Crestview-Fort Walton Beach-Destin, FL",Metropolitan Statistical Area,309899.8948,124422.6856,19268,0,96,#N/A,0,2,#N/A,214,3.3,30,22.075,0.341451732,4,0,4
16300,"Cedar Rapids, IA",Metropolitan Statistical Area,276069.3331,138369.1567,15896,0,90,#N/A,51,0,#N/A,247,4.3,30,20.8625,0.335062368,7,1,5
36500,"Olympia-Lacey-Tumwater, WA",Metropolitan Statistical Area,300170.24,128069.0459,16747,0,84,#N/A,2,0,#N/A,1022,5,30,25.625,0.370237849,1,2,4
17300,"Clarksville, TN-KY",Metropolitan Statistical Area,347628.6652,100695.7103,11676,0,76,#N/A,0,0,#N/A,137,5.1,30,21.9375,0.323473406,0,3,5
17660,"Coeur d'Alene, ID",Metropolitan Statistical Area,189282.6208,70875.05164,7858,0,37,#N/A,2,0,#N/A,50,4.3,30,21.75,0.320036509,3,1,#N/A
31420,"Macon-Bibb County, GA",Metropolitan Statistical Area,237755.1376,94218.44086,8256,0,29,#N/A,0,0,#N/A,121,4,30,14.725,0.33525077,0,0,#N/A
19460,"Decatur, AL",Metropolitan Statistical Area,160124.3376,57642.62562,6444,0,14,#N/A,0,0,#N/A,51,5.4,30,17.8125,0.298121829,0,0,#N/A
44940,"Sumter, SC",Metropolitan Statistical Area,103705.3092,35689.62166,3709,0,14,#N/A,0,0,#N/A,55,4,30,22.87142857,0.3055059,0,0,#N/A
40660,"Rome, GA",Metropolitan Statistical Area,100727.4735,43427.09096,3393,0,13,#N/A,0,0,#N/A,13,4.8,30,17.2625,0.311222776,0,0,#N/A
29020,"Kokomo, IN",Metropolitan Statistical Area,84196.58597,35470.77947,3239,0,10,#N/A,0,0,#N/A,20,5.8,30,17.2125,0.281356836,0,0,#N/A
11020,"Altoona, PA",Metropolitan Statistical Area,119872.4835,57842.40449,5250,0,9,#N/A,0,0,#N/A,17,2.3,30,23.9875,0.316271151,1,0,#N/A
46060,"Tucson, AZ",Metropolitan Statistical Area,1066920.322,386317.3125,66485,452,459,13.8,48,2,#N/A,1111,3.1,30,23.85,0.345686375,12,10,5
42660,"Seattle-Tacoma-Bellevue, WA",Metropolitan Statistical Area,4053291.117,2084580.512,5270,0,12744,103.9,3013,7,42033884.92,25423,4.3,30,25.7125,0.381098347,503,396,2
29200,"Lafayette-West Lafayette, IN",Metropolitan Statistical Area,226082.283,102307.8361,15006,2815,625,62.9,39,2,12038198.36,219,4,30,21.9125,0.315026161,4,7,#N/A
40900,"Sacramento-Roseville-Folsom, CA",Metropolitan Statistical Area,2428466.286,1074125.142,138056,932,1398,24.3,25,3,11524517.04,3355,4.2,30,24.05,0.348084697,62,86,5
41500,"Salinas, CA",Metropolitan Statistical Area,428675.2757,200018.9112,130263,348,131,#N/A,4,0,6681850.519,254,3.3,30,27.17142857,0.278952484,6,1,4
41700,"San Antonio-New Braunfels, TX",Metropolitan Statistical Area,2743066.078,1109789.881,103459,38,1108,5.6,320,8,5623697.574,2861,4.5,30,25.225,0.345637305,28,17,4
29820,"Las Vegas-Henderson-North Las Vegas, NV",Metropolitan Statistical Area,2347028.646,1110547.048,98139,141,826,6.8,148,1,5305289.963,1970,5.4,30,25.7375,0.306743636,80,34,5
36740,"Orlando-Kissimmee-Sanford, FL",Metropolitan Statistical Area,2865659.65,1388291.115,176089,834,1868,51.3,79,2,3740894.455,3038,4.5,30,25.225,0.34075345,87,51,5
47380,"Waco, TX",Metropolitan Statistical Area,307781.9769,129239.6533,9548,175,76,#N/A,20,0,1284188.478,173,4.3,30,20.125,0.330528909,1,0,5
14260,"Boise City, ID",Metropolitan Statistical Area,842032.1693,381350.7364,49049,171,492,1.6,619,0,203615.1276,2811,4.3,30,20.625,0.343013853,14,9,4
26980,"Iowa City, IA",Metropolitan Statistical Area,181531.3799,90100.71055,13104,373,121,4.8,9,1,109129.086,157,2.8,30,24.975,0.348729451,5,9,#N/A
29460,"Lakeland-Winter Haven, FL",Metropolitan Statistical Area,845187.6885,260144.5849,25986,0,135,#N/A,2,0,30522.16108,251,4.5,30,21.4625,0.318384859,2,2,5
22380,"Flagstaff, AZ",Metropolitan Statistical Area,144361.2576,65158.24231,7416,76,51,2.4,8,0,6299.997505,71,3.9,30,22.925,0.315808331,0,1,#N/A
27100,"Jackson, MI",Metropolitan Statistical Area,159619.4445,56303.20695,5970,0,27,#N/A,0,0,256.918086,48,5.7,30,15.675,0.324354144,0,0,#N/A
22180,"Fayetteville, NC",Metropolitan Statistical Area,392467.517,131924.6147,12486,0,99,#N/A,0,0,0.008734,314,2.9,30,19.0625,0.321409496,0,0,5
40060,"Richmond, VA",Metropolitan Statistical Area,1363733.618,652913.5804,81214,214,852,#N/A,14,16,#N/A,3306,3.1,29,24.6875,0.354700208,33,17,4
38860,"Portland-South Portland, ME",Metropolitan Statistical Area,572773.9124,285451.8195,25767,0,321,#N/A,6,0,#N/A,602,3.7,29,20.725,0.337542671,3,11,5
49620,"York-Hanover, PA",Metropolitan Statistical Area,468047.4302,182543.6809,20798,0,88,#N/A,7,0,#N/A,237,4,29,19.2375,0.308343355,2,0,5
21500,"Erie, PA",Metropolitan Statistical Area,267158.3683,118916.2232,13469,0,61,#N/A,0,0,#N/A,166,2.8,29,19.7,0.323011855,0,2,5
34900,"Napa, CA",Metropolitan Statistical Area,132118.2418,80169.87536,6877,0,34,#N/A,5,0,#N/A,64,1.3,29,30.28571429,0.291637325,3,1,#N/A
36100,"Ocala, FL",Metropolitan Statistical Area,422354.6254,118623.1991,13758,0,32,#N/A,2,0,#N/A,67,2.9,29,17.1375,0.312478562,4,0,6
13140,"Beaumont-Port Arthur, TX",Metropolitan Statistical Area,396512.761,157942.3024,13030,56,30,#N/A,3,0,#N/A,135,3.6,29,16.25,0.311859663,0,0,6
10180,"Abilene, TX",Metropolitan Statistical Area,183915.1278,73654.49105,7124,0,23,#N/A,0,0,#N/A,40,3.9,29,27.7375,0.333204496,0,1,#N/A
33780,"Monroe, MI",Metropolitan Statistical Area,155802.3578,41335.22521,7586,0,18,#N/A,0,0,#N/A,76,8,29,19.275,0.306298145,0,0,#N/A
20220,"Dubuque, IA",Metropolitan Statistical Area,99234.2497,58501.99609,5198,0,17,#N/A,1,0,#N/A,20,4.2,29,19.0875,0.341121081,0,0,#N/A
15260,"Brunswick-St. Simons, GA",Metropolitan Statistical Area,116354.5992,46151.14003,4322,0,13,#N/A,0,0,#N/A,25,4.8,29,25.02857143,0.311281729,0,0,#N/A
48680,"Wildwood-The Villages, FL",Metropolitan Statistical Area,157754.1573,39868.55406,8512,0,3,#N/A,0,0,#N/A,32,2.1,29,20.1,#N/A,0,0,#N/A
48540,"Wheeling, WV-OH",Metropolitan Statistical Area,134840.9019,58520.34568,5270,0,3,#N/A,0,1,#N/A,45,2.7,29,26.4625,0.31300074,0,0,#N/A
30460,"Lexington-Fayette, KY",Metropolitan Statistical Area,521126.1212,283230.5879,14271,0,214,3.9,11,0,#N/A,632,2.8,29,25.9375,0.334535514,1,7,5
12940,"Baton Rouge, LA",Metropolitan Statistical Area,877216.9368,401090.1873,43424,475,228,0.3,8,1,#N/A,1380,3.5,29,23.1125,0.322910588,6,0,5
12060,"Atlanta-Sandy Springs-Roswell, GA",Metropolitan Statistical Area,6370689.285,2859652.984,429344,3541,7719,143,884,7,26270818.9,14952,5,29,26.2375,0.361409238,301,156,3
13780,"Binghamton, NY",Metropolitan Statistical Area,244684.2026,94953.51705,12918,385,117,3.5,9,0,19053268.57,116,4.5,29,21.8625,0.33623619,0,0,#N/A
12580,"Baltimore-Columbia-Towson, MD",Metropolitan Statistical Area,2838178.563,1336594.918,220166,1834,3577,78.1,146,14,11302704.03,6627,4.3,29,25.4125,0.36834001,95,87,3
26900,"Indianapolis-Carmel-Greenwood, IN",Metropolitan Statistical Area,2157649.744,1087102.109,135483,0,1355,3,57,1,10001408.89,3691,4.4,29,27.6875,0.333506484,47,42,5
28140,"Kansas City, MO-KS",Metropolitan Statistical Area,2234083.287,1081916.517,138627,104,1092,#N/A,206,2,3673172.877,3162,4.6,29,23.3375,0.351377483,37,32,5
23420,"Fresno, CA",Metropolitan Statistical Area,1183204.936,478863.3412,35209,0,144,#N/A,1,0,1540790.216,480,4.4,29,23.35,0.308424391,4,1,6
10420,"Akron, OH",Metropolitan Statistical Area,697979.1138,317816.6146,40696,248,222,3.6,66,0,334811.3507,458,3.5,29,22.2875,0.337956764,11,5,5
36540,"Omaha, NE-IA",Metropolitan Statistical Area,991207.4779,490750.955,57456,33,431,0.5,33,0,238079.2963,1251,5.3,29,23.9875,0.345912998,14,19,5
19780,"Des Moines-West Des Moines, IA",Metropolitan Statistical Area,746339.4476,401587.6507,36532,0,371,#N/A,13,0,139545.5387,2266,4.8,29,24.375,0.359250081,12,11,4
48900,"Wilmington, NC",Metropolitan Statistical Area,476905.6736,184567.4849,26574,0,227,#N/A,1,0,97689.34806,259,4.8,29,21.2,0.329397089,1,10,5
24340,"Grand Rapids-Wyoming-Kentwood, MI",Metropolitan Statistical Area,1168408.888,595959.0372,67198,0,479,#N/A,54,0,71218.79344,1108,4.2,29,23.325,0.326778194,10,5,5
44700,"Stockton-Lodi, CA",Metropolitan Statistical Area,808212.2646,285832.1406,28777,0,179,#N/A,1,0,26065.86188,284,2.4,29,19.9125,0.286400683,6,2,6
14860,"Bridgeport-Stamford-Danbury, CT",Metropolitan Statistical Area,950888.8966,398444.7385,62348,23,593,#N/A,137,4,#N/A,1934,3.6,28,24.9125,0.355031167,36,27,4
34940,"Naples-Marco Island, FL",Metropolitan Statistical Area,411297.8212,169437.0247,24562,0,133,#N/A,10,0,#N/A,128,5,28,26.575,0.31006278,7,0,5
12260,"Augusta-Richmond County, GA-SC",Metropolitan Statistical Area,635004.164,229804.7818,32701,33,115,#N/A,2,0,#N/A,457,3.5,28,22.35,0.3163891,2,1,5
40340,"Rochester, MN",Metropolitan Statistical Area,230764.713,121701.6978,21860,46,111,#N/A,12,0,#N/A,633,2.2,28,23.5,0.340533278,0,4,#N/A
29540,"Lancaster, PA",Metropolitan Statistical Area,561380.5141,250805.2625,25484,0,107,#N/A,33,0,#N/A,180,4,28,19.85,0.309106455,7,2,6
47930,"Waterbury-Shelton, CT",Metropolitan Statistical Area,457829.2912,159752.527,26387,0,91,#N/A,15,0,#N/A,203,2.3,28,23.0375,#N/A,2,1,5
37900,"Peoria, IL",Metropolitan Statistical Area,361796.4362,165297.9972,23615,0,83,#N/A,64,0,#N/A,524,5.1,28,22.15,0.321889462,2,5,5
14740,"Bremerton-Silverdale-Port Orchard, WA",Metropolitan Statistical Area,278395.7602,93610.57688,19387,0,77,#N/A,10,0,#N/A,61,5.6,28,29.5,0.33344396,2,4,4
46220,"Tuscaloosa, AL",Metropolitan Statistical Area,282802.3044,106634.8581,12146,447,73,#N/A,4,0,#N/A,304,4.9,28,25.575,0.30533413,0,1,3
11540,"Appleton, WI",Metropolitan Statistical Area,248223.7365,124451.2773,13025,0,65,#N/A,0,1,#N/A,144,3.6,28,20.6375,0.317741874,2,2,#N/A
18020,"Columbus, IN",Metropolitan Statistical Area,84386.71824,50348.36808,8482,0,43,#N/A,26,0,#N/A,46,8,28,25.12857143,0.321939719,0,0,#N/A
40980,"Saginaw, MI",Metropolitan Statistical Area,187327.1564,79646.72292,7481,0,38,#N/A,5,0,#N/A,25,2.6,28,15.7625,0.33278855,0,0,#N/A
39820,"Redding, CA",Metropolitan Statistical Area,180290.5327,69297.39147,6053,0,34,#N/A,0,0,#N/A,23,2.2,28,17,0.318635719,1,0,#N/A
40420,"Rockford, IL",Metropolitan Statistical Area,333618.6988,137298.9149,13539,0,31,#N/A,4,0,#N/A,188,4.3,28,19.2375,0.309223097,0,1,5
47580,"Warner Robins, GA",Metropolitan Statistical Area,204260.9325,75764.76357,11367,0,31,#N/A,0,0,#N/A,115,7.4,28,26.75,0.328468429,1,0,#N/A
48060,"Watertown-Fort Drum, NY",Metropolitan Statistical Area,115451.5259,39916.55318,3831,0,23,#N/A,1,0,#N/A,55,4.2,28,21.75,0.32631338,1,0,#N/A
48660,"Wichita Falls, TX",Metropolitan Statistical Area,150063.6166,57100.11477,31833,117,17,#N/A,0,0,#N/A,103,4.8,28,21.6875,0.318154439,1,0,#N/A
47220,"Vineland, NJ",Metropolitan Statistical Area,152784.7238,59625.16959,3810,0,4,#N/A,0,0,#N/A,20,2.3,28,14.9625,0.28611554,0,0,#N/A
18140,"Columbus, OH",Metropolitan Statistical Area,2193907.319,1083287.1,145053,1269,1596,49.2,78,4,#N/A,5241,4.8,28,23.575,0.348648461,96,34,4
24860,"Greenville-Anderson-Greer, SC",Metropolitan Statistical Area,990481.9004,426223.3527,53373,772,429,12.1,9,0,#N/A,708,4.4,28,23.1375,0.332231739,11,5,5
17410,"Cleveland, OH",Metropolitan Statistical Area,2159878.111,1030205.168,128571,781,1087,10.7,225,0,#N/A,2393,3.5,28,20.5,0.345213224,26,17,5
31540,"Madison, WI",Metropolitan Statistical Area,701253.9357,405065.8005,54663,1443,956,78.6,72,1,118064237,2048,4.5,28,22.0375,0.368632732,33,37,3
35300,"New Haven, CT",Metropolitan Statistical Area,566967.2225,282520.6758,33148,443,415,26.4,33,0,25741663,445,3,28,23.0375,0.342047527,18,16,3
42200,"Santa Maria-Santa Barbara, CA",Metropolitan Statistical Area,440145.2202,216975.2218,419916,1608,387,47.8,140,6,24161455,600,4.7,28,23.9375,0.315866118,19,23,3
32820,"Memphis, TN-MS-AR",Metropolitan Statistical Area,1330530.798,618699.2724,58851,203,387,2,52,0,9557427.848,1273,3.4,28,22.275,0.319378865,17,9,5
47260,"Virginia Beach-Chesapeake-Norfolk, VA-NC",Metropolitan Statistical Area,1793612.463,757741.8156,103787,411,574,11.2,24,6,8026340.034,2297,3.7,28,21.8125,0.338741496,13,14,4
13980,"Blacksburg-Christiansburg-Radford, VA",Metropolitan Statistical Area,181887.6294,74360.67166,11245,1536,272,26.6,9,2,6376773.127,221,3.6,28,23.4875,0.333988885,2,2,#N/A
33460,"Minneapolis-St. Paul-Bloomington, MN-WI",Metropolitan Statistical Area,3724754.676,1927028.299,259873,1168,2920,31.7,512,2,5614148.424,7453,4.7,28,24.45,0.364406933,83,76,4
17140,"Cincinnati, OH-KY-IN",Metropolitan Statistical Area,2283921.917,1087433.004,148329,464,1357,1,112,2,4269225.469,2966,3.5,28,25.7625,0.339689342,60,40,5
45780,"Toledo, OH",Metropolitan Statistical Area,599430.0624,289363.81,30660,144,188,#N/A,5,0,751132.4662,482,3,28,17.4,0.315628487,5,6,5
27260,"Jacksonville, FL",Metropolitan Statistical Area,1750506.442,748298.0271,99232,0,741,#N/A,82,3,5022.894753,1774,5.4,28,20.325,0.346938136,17,11,5
45300,"Tampa-St. Petersburg-Clearwater, FL",Metropolitan Statistical Area,3386091.836,1433399.698,194408,403,2076,6.4,119,3,3990.273879,4754,4.5,28,24.5375,0.359524877,123,72,5
39900,"Reno, NV",Metropolitan Statistical Area,570039.7373,272130.907,29823,252,293,#N/A,52,1,336.230582,433,5,28,22.025,0.321825142,20,16,5
31700,"Manchester-Nashua, NH",Metropolitan Statistical Area,429573.3093,201729.8659,34730,0,241,#N/A,56,1,245.017156,544,3.9,28,21.9,0.363383819,9,5,5
13820,"Birmingham, AL",Metropolitan Statistical Area,1189955.624,514373.0016,62225,155,346,0.5,22,5,2.308316,1112,4.2,28,21.0375,0.340586359,30,21,4
30500,"Lexington Park, MD",Metropolitan Statistical Area,210896.0145,70598.78679,33916,374,70,#N/A,5,0,#N/A,298,7.8,27,19.325,0.40764444,0,0,#N/A
15940,"Canton-Massillon, OH",Metropolitan Statistical Area,399960.8451,163630.3922,16947,0,64,#N/A,2,1,#N/A,153,1.7,27,18.35,0.316286783,6,0,6
12100,"Atlantic City-Hammonton, NJ",Metropolitan Statistical Area,372409.4746,167553.3418,18326,0,47,#N/A,0,0,#N/A,209,2.1,27,23.7,0.311493655,3,0,6
27340,"Jacksonville, NC",Metropolitan Statistical Area,216847.4368,53932.98078,7071,0,45,#N/A,1,0,#N/A,57,5,27,15.8,0.32556009,0,0,#N/A
24780,"Greenville, NC",Metropolitan Statistical Area,174754.7843,81058.1923,8954,0,37,#N/A,4,0,#N/A,101,2.3,27,19.7,0.334994273,0,0,#N/A
33220,"Midland, MI",Metropolitan Statistical Area,84384.79849,38221.31512,6635,0,30,#N/A,0,0,#N/A,72,8.6,27,26,0.335528164,0,0,#N/A
43100,"Sheboygan, WI",Metropolitan Statistical Area,118228.816,60894.34981,4105,0,29,#N/A,2,0,#N/A,119,3.5,27,14.1125,0.297448198,0,0,#N/A
43640,"Slidell-Mandeville-Covington, LA",Metropolitan Statistical Area,279116.4571,96159.53293,10802,0,28,#N/A,2,0,#N/A,20,4,27,25.3625,#N/A,0,0,6
30980,"Longview, TX",Metropolitan Statistical Area,295902.1126,118052.3489,8999,0,23,#N/A,9,0,#N/A,65,2.3,27,22.3375,0.308331918,0,0,6
29340,"Lake Charles, LA",Metropolitan Statistical Area,238548.3862,100024.3982,10196,0,19,#N/A,0,0,#N/A,40,3.5,27,22.7125,0.298404268,0,0,#N/A
39460,"Punta Gorda, FL",Metropolitan Statistical Area,211492.7606,55126.47826,9997,0,19,#N/A,0,0,#N/A,38,3.7,27,19.74285714,0.311931417,0,0,#N/A
16940,"Cheyenne, WY",Metropolitan Statistical Area,101227.5568,47830.56549,5026,0,19,#N/A,2,0,#N/A,691,10.6,27,22.525,0.336337842,18,16,#N/A
47300,"Visalia, CA",Metropolitan Statistical Area,481435.6404,176782.7123,7932,0,15,#N/A,0,0,#N/A,78,2.4,27,22.1875,0.276526256,0,0,6
41060,"St. Cloud, MN",Metropolitan Statistical Area,202987.3927,104195.5282,15193,0,13,#N/A,0,0,#N/A,90,4,27,22.675,0.3149974,1,0,#N/A
20020,"Dothan, AL",Metropolitan Statistical Area,154467.2769,60231.1689,4679,0,7,#N/A,0,0,#N/A,18,4.2,27,25.0375,0.308229961,0,0,#N/A
37980,"Philadelphia-Camden-Wilmington, PA-NJ-DE-MD",Metropolitan Statistical Area,6266939.935,2852963.753,423122,2539,5166,116.8,680,6,19857966.95,10815,3.9,27,23.0625,0.352943318,493,515,4
40380,"Rochester, NY",Metropolitan Statistical Area,1051953.78,490122.9083,72033,680,802,54.6,49,2,18140332.04,899,3.3,27,21.0625,0.344346899,22,14,3
28940,"Knoxville, TN",Metropolitan Statistical Area,961218.5876,416613.6565,51517,846,427,1.9,42,2,11136385.31,1152,3.7,27,22.4375,0.335181277,9,13,5
24580,"Green Bay, WI",Metropolitan Statistical Area,333904.966,172346.5026,15652,0,76,#N/A,4,0,7494812.84,253,3,27,22.35,0.324712596,3,0,5
33100,"Miami-Fort Lauderdale-West Palm Beach, FL",Metropolitan Statistical Area,6193386.024,2774571.227,392241,872,3620,7.7,570,5,6086118.915,6431,4.7,27,24.7,0.349890419,448,262,5
43780,"South Bend-Mishawaka, IN-MI",Metropolitan Statistical Area,324863.8742,130057.0528,19495,1,185,27,6,3,5278160.615,192,3.6,27,22.7625,0.326732009,6,3,4
45060,"Syracuse, NY",Metropolitan Statistical Area,652987.7643,294039.1641,36495,373,372,21.6,17,0,4710824.197,592,2.8,27,21.125,0.341917271,8,21,5
35380,"New Orleans-Metairie, LA",Metropolitan Statistical Area,948978.3369,439116.256,47774,209,314,7.9,5,1,911114.5499,768,5.2,27,25.3625,0.327638544,10,9,5
30780,"Little Rock-North Little Rock-Conway, AR",Metropolitan Statistical Area,769980.3408,352109.9672,40318,136,197,#N/A,19,2,96546.15385,1865,3.1,27,19.45,0.340108736,7,4,5
46140,"Tulsa, OK",Metropolitan Statistical Area,1055849.198,450061.314,44441,140,285,1,10,0,78358.55138,696,3.7,27,19.5875,0.329288063,15,17,5
34820,"Myrtle Beach-Conway-North Myrtle Beach, SC",Metropolitan Statistical Area,409648.9006,143357.4394,14521,0,50,#N/A,0,0,47858.37669,58,3.6,27,18.6625,0.304450962,0,0,6
24540,"Greeley, CO",Metropolitan Statistical Area,368394.6528,116679.8747,17099,6,204,#N/A,2,0,37245.1594,123,3.3,27,24.05,0.306665373,3,0,4
43900,"Spartanburg, SC",Metropolitan Statistical Area,392896.1821,161701.6521,19146,0,56,#N/A,0,0,252.055649,154,2.9,27,17.4125,0.307039597,0,0,6
11200,"Amherst Town-Northampton, MA",Metropolitan Statistical Area,164152.3506,65865.66842,8870,807,323,#N/A,9,0,#N/A,111,1.4,26,18.75,#N/A,7,4,#N/A
15980,"Cape Coral-Fort Myers, FL",Metropolitan Statistical Area,854001.879,298093.6986,40534,0,208,#N/A,4,0,#N/A,312,4.6,26,23.3,0.32116486,7,5,5
44180,"Springfield, MO",Metropolitan Statistical Area,496231.8322,218735.5104,4300,0,88,#N/A,0,1,#N/A,385,3.8,26,18.9,0.32781999,0,1,6
19340,"Davenport-Moline-Rock Island, IA-IL",Metropolitan Statistical Area,379415.343,179108.2702,18148,0,83,#N/A,109,1,#N/A,313,4.1,26,19.5875,0.327783854,2,0,4
27140,"Jackson, MS",Metropolitan Statistical Area,607844.6876,271297.6055,31870,47,71,#N/A,2,0,#N/A,1340,4.8,26,19.5875,0.32764149,2,1,6
21780,"Evansville, IN",Metropolitan Statistical Area,271395.1502,133904.4124,14206,0,65,#N/A,2,0,#N/A,158,5.7,26,17.05,0.309882959,3,2,6
30140,"Lebanon, PA",Metropolitan Statistical Area,144724.039,53082.41724,4795,0,46,#N/A,0,0,#N/A,36,3.8,26,22.1,0.300429217,0,0,#N/A
20740,"Eau Claire, WI",Metropolitan Statistical Area,176300.7672,84964.92376,8914,0,40,#N/A,2,0,#N/A,56,2.6,26,22.425,0.327520355,1,0,#N/A
28450,"Kenosha, WI",Metropolitan Statistical Area,166876.7261,73516.39193,7933,0,37,#N/A,20,0,#N/A,70,4.8,26,21.7625,#N/A,0,1,#N/A
39660,"Rapid City, SD",Metropolitan Statistical Area,157736.2499,72917.41065,9247,68,32,#N/A,0,2,#N/A,113,3.6,26,19.0125,0.320861728,1,1,#N/A
33260,"Midland, TX",Metropolitan Statistical Area,182893.8159,118854.7907,8956,0,25,#N/A,2,0,#N/A,93,2.8,26,17.65,0.299289198,1,1,#N/A
16020,"Cape Girardeau, MO-IL",Metropolitan Statistical Area,98723.98436,44302.33728,4221,0,18,#N/A,0,0,#N/A,23,3.9,26,20.375,0.320772521,1,0,#N/A
41540,"Salisbury, MD",Metropolitan Statistical Area,130002.4022,52433.16474,253623,1841,16,#N/A,0,0,#N/A,83,4.3,26,21.3,0.308012744,0,0,#N/A
39380,"Pueblo, CO",Metropolitan Statistical Area,169503.4236,62591.82829,7536,0,14,#N/A,0,0,#N/A,171,2.8,26,24.81428571,0.317096441,0,0,#N/A
36220,"Odessa, TX",Metropolitan Statistical Area,163876.3205,78713.47537,3355,0,14,#N/A,0,0,#N/A,139,2.8,26,24.4125,0.297623114,1,0,#N/A
25260,"Hanford-Corcoran, CA",Metropolitan Statistical Area,152383.0084,50681.77066,2803,0,4,#N/A,0,0,#N/A,30,4.1,26,20.0875,0.295780391,0,0,#N/A
41180,"St. Louis, MO-IL",Metropolitan Statistical Area,2794804.663,1326713.544,78733,847,1414,20.3,213,5,#N/A,4060,3.3,26,21.6375,0.34575097,53,18,5
16980,"Chicago-Naperville-Elgin, IL-IN",Metropolitan Statistical Area,9239810.09,4435888.082,637500,2957,10617,136.1,1103,2,31790538.16,18930,3.6,26,21.7625,0.342904391,373,227,4
44140,"Springfield, MA",Metropolitan Statistical Area,458615.883,201976.5099,9020,0,101,64.5,37,0,5341579.875,193,3.1,26,18.75,0.34431979,0,0,4
46520,"Urban Honolulu, HI",Metropolitan Statistical Area,985388.1639,450921.5885,62223,181,266,#N/A,6,3,2073607.342,1932,4.5,26,20.4,0.334198936,10,6,5
44060,"Spokane-Spokane Valley, WA",Metropolitan Statistical Area,606460.2338,254839.875,4389,0,168,#N/A,21,0,1158968.17,420,4.8,26,21.5125,0.334179064,8,4,5
49340,"Worcester, MA",Metropolitan Statistical Area,873658.335,352098.8001,61379,370,498,16.8,27,1,578697.7092,1140,3.2,26,22.64285714,0.342448356,13,10,4
47940,"Waterloo-Cedar Falls, IA",Metropolitan Statistical Area,168364.6284,85758.18771,7155,0,30,#N/A,0,0,529481.7069,101,5,26,25.0375,0.315054056,1,0,#N/A
30700,"Lincoln, NE",Metropolitan Statistical Area,346091.0787,180159.7657,17068,490,158,11.1,9,1,200646.5544,1436,5.8,26,20.575,0.344811988,10,18,3
15500,"Burlington, NC",Metropolitan Statistical Area,181558.9115,67325.20778,7435,0,41,#N/A,2,0,3077.001684,92,3.1,26,18.45,0.308696307,1,0,#N/A
17980,"Columbus, GA-AL",Metropolitan Statistical Area,323914.1017,116736.922,12291,0,40,#N/A,0,0,634.415123,168,2.3,26,25.075,0.338296188,0,0,6
33740,"Monroe, LA",Metropolitan Statistical Area,221867.9003,86872.52409,8750,0,#N/A,#N/A,0,1,#N/A,30,3.5,25,21.0375,0.312771252,0,0,#N/A
35840,"North Port-Bradenton-Sarasota, FL",Metropolitan Statistical Area,932356.2525,332649.7617,56083,0,285,#N/A,10,0,#N/A,267,4,25,21.9875,0.322713054,18,12,5
38940,"Port St. Lucie, FL",Metropolitan Statistical Area,551697.7108,165870.3646,178711,226,84,#N/A,5,0,#N/A,171,5.4,25,19.2125,0.313742696,2,0,4
33860,"Montgomery, AL",Metropolitan Statistical Area,387781.7468,168023.1303,17348,0,65,#N/A,0,0,#N/A,1014,4.6,25,15.9375,0.336068345,0,1,6
33700,"Modesto, CA",Metropolitan Statistical Area,550562.9298,198394.0428,12665,0,59,#N/A,2,0,#N/A,164,2.6,25,21.84,0.294859291,2,0,6
46540,"Utica-Rome, NY",Metropolitan Statistical Area,286424.4619,116655.6314,14031,1,55,#N/A,3,2,#N/A,130,5.9,25,21.6375,0.332778236,2,0,4
28740,"Kingston, NY",Metropolitan Statistical Area,183172.9295,58574.65826,7489,0,48,#N/A,5,0,#N/A,24,4,25,20.82857143,0.322274671,2,1,#N/A
25860,"Hickory-Lenoir-Morganton, NC",Metropolitan Statistical Area,371265.3495,153599.7074,13136,0,43,#N/A,4,0,#N/A,118,4.6,25,16.9375,0.29754635,1,0,6
15180,"Brownsville-Harlingen, TX",Metropolitan Statistical Area,427892.2683,155784.3582,10954,0,42,#N/A,0,0,#N/A,123,4.8,25,16.7,0.326930835,0,0,6
43340,"Shreveport-Bossier City, LA",Metropolitan Statistical Area,380590.1014,160503.259,17164,0,40,#N/A,0,0,#N/A,219,3.3,25,23.51428571,0.31735166,2,1,6
37460,"Panama City-Panama City Beach, FL",Metropolitan Statistical Area,221170.9481,87610.68791,9202,0,36,#N/A,0,0,#N/A,69,3.3,25,21.075,0.327406721,0,0,#N/A
45460,"Terre Haute, IN",Metropolitan Statistical Area,169025.0913,64048.8123,5466,0,26,#N/A,2,0,#N/A,50,2.9,25,15.3875,0.302387639,4,0,#N/A
27900,"Joplin, MO-KS",Metropolitan Statistical Area,206396.5802,86045.39135,6955,0,22,#N/A,0,0,#N/A,37,4.2,25,20.4625,0.302826677,0,0,#N/A
48140,"Wausau, WI",Metropolitan Statistical Area,139323.1944,70437.37518,6221,0,15,#N/A,0,0,#N/A,28,3.1,25,13.475,0.318404344,0,0,#N/A
49700,"Yuba City, CA",Metropolitan Statistical Area,185235.3211,53992.0084,4795,0,13,#N/A,0,0,#N/A,34,5,25,19.77142857,0.303815107,1,0,#N/A
48700,"Williamsport, PA",Metropolitan Statistical Area,112505.123,49690.2398,4649,0,11,#N/A,0,0,#N/A,28,6,25,16.2375,0.315821001,0,0,#N/A
41660,"San Angelo, TX",Metropolitan Statistical Area,120466.4691,50670.74794,354817,2019,10,#N/A,0,0,#N/A,22,8.7,25,22.9125,0.320121705,0,0,#N/A
41140,"St. Joseph, MO-KS",Metropolitan Statistical Area,117766.7839,53680.30366,4934,0,9,#N/A,1,0,#N/A,62,6.1,25,18.6625,0.3040087,0,0,#N/A
30020,"Lawton, OK",Metropolitan Statistical Area,127093.7725,43092.89696,3827,0,9,#N/A,0,0,#N/A,34,5.4,25,18.5,0.324223124,0,0,#N/A
42700,"Sebring, FL",Metropolitan Statistical Area,109070.2659,28616.0167,4980,0,6,#N/A,0,0,#N/A,4,2.9,25,18.82857143,0.315873423,1,0,#N/A
24500,"Great Falls, MT",Metropolitan Statistical Area,85632.39792,36583.6679,3939,0,6,#N/A,0,0,#N/A,26,4.1,25,19.8125,0.322957931,0,0,#N/A
28020,"Kalamazoo-Portage, MI",Metropolitan Statistical Area,261744.7526,120370.2697,15552,106,114,2.4,42,0,#N/A,191,4.3,25,17.5375,0.326693568,1,2,5
31080,"Los Angeles-Long Beach-Anaheim, CA",Metropolitan Statistical Area,12674133.85,6153914.375,769724,4102,14194,290,1804,27,116103094.6,18021,4.4,25,22.8,0.350999797,1046,580,3
14460,"Boston-Cambridge-Newton, MA-NH",Metropolitan Statistical Area,4925999.767,2707488.866,451386,5699,13891,367.7,2047,37,70081968.22,23569,4.5,25,22.8,0.375339096,726,691,2
36420,"Oklahoma City, OK",Metropolitan Statistical Area,1494386.811,663780.7353,68498,374,463,#N/A,11,1,11275955.62,2540,2.8,25,20.0875,0.343014145,12,11,5
40140,"Riverside-San Bernardino-Ontario, CA",Metropolitan Statistical Area,4694332.229,1675067.51,166661,631,762,22.7,21,2,7026333.827,1670,3.1,25,22.6,0.296333345,19,6,5
25540,"Hartford-West Hartford-East Hartford, CT",Metropolitan Statistical Area,1153350.908,591757.8366,85050,754,803,6.3,149,0,5365161.54,4072,3.4,25,17.5375,0.360283015,17,6,4
24660,"Greensboro-High Point, NC",Metropolitan Statistical Area,794406.5711,355608.4871,36899,243,257,#N/A,4,0,4876727.006,794,3.6,25,18.1875,0.319479344,6,2,5
19820,"Detroit-Warren-Dearborn, MI",Metropolitan Statistical Area,4341264.329,1915549.944,318038,534,3028,10.7,741,1,3500593.371,7743,2.3,25,20.7375,0.350434701,44,42,4
10900,"Allentown-Bethlehem-Easton, PA-NJ",Metropolitan Statistical Area,878935.7349,369521.2014,49468,372,326,11,24,0,2837561.69,596,4.8,25,20.1,0.314031776,2,5,5
12700,"Barnstable Town, MA",Metropolitan Statistical Area,235527.6966,95983.76176,17213,0,62,#N/A,1,0,101579.2676,94,3.8,25,23.81428571,0.318378665,2,1,#N/A
14010,"Bloomington, IL",Metropolitan Statistical Area,170343.7344,87702.09553,11734,0,107,#N/A,231,0,13033.44937,201,4.6,25,24.175,0.379492697,0,0,#N/A
33140,"Michigan City-La Porte, IN",Metropolitan Statistical Area,111929.3355,40910.0263,4504,0,#N/A,#N/A,0,0,#N/A,60,3.7,24,14.1,0.297404675,1,1,#N/A
18580,"Corpus Christi, TX",Metropolitan Statistical Area,448169.089,190555.1709,15947,23,81,#N/A,1,0,#N/A,198,3.3,24,25.31428571,0.320113616,1,0,6
39740,"Reading, PA",Metropolitan Statistical Area,434764.6962,172075.56,18061,0,76,#N/A,13,0,#N/A,324,3.9,24,20.175,0.316633021,0,0,6
25180,"Hagerstown-Martinsburg, MD-WV",Metropolitan Statistical Area,310282.8025,103572.7124,11486,0,42,#N/A,0,0,#N/A,168,3.4,24,12.775,0.323524855,1,0,6
42680,"Sebastian-Vero Beach-West Vero Corridor, FL",Metropolitan Statistical Area,172876.9816,57138.67579,14681,0,32,#N/A,12,0,#N/A,57,6.2,24,14.95,0.310712403,4,0,#N/A
45820,"Topeka, KS",Metropolitan Statistical Area,232746.6726,112404.3586,10576,0,28,#N/A,0,0,#N/A,1516,4.8,24,18.325,0.34026163,0,0,#N/A
34740,"Muskegon-Norton Shores, MI",Metropolitan Statistical Area,177442.4542,63003.84298,6044,0,19,#N/A,0,0,#N/A,58,2.9,24,16.6,0.300733655,0,0,#N/A
22540,"Fond du Lac, WI",Metropolitan Statistical Area,104139.4671,45556.96519,3786,0,12,#N/A,1,0,#N/A,18,4.3,24,15.97142857,0.312023932,0,0,#N/A
19140,"Dalton, GA",Metropolitan Statistical Area,145266.2089,65837.55285,3013,0,11,#N/A,0,0,#N/A,42,5.6,24,17.55,0.300007374,0,0,#N/A
16220,"Casper, WY",Metropolitan Statistical Area,80148.24928,39640.03516,3398,0,10,#N/A,3,0,#N/A,14,3.7,24,16.7875,0.314669885,8,3,#N/A
26140,"Homosassa Springs, FL",Metropolitan Statistical Area,171332.8922,34569.51831,6026,0,7,#N/A,0,0,#N/A,12,3.3,24,16.8875,0.302715474,1,1,#N/A
25620,"Hattiesburg, MS",Metropolitan Statistical Area,156818.3905,61876.67303,6862,95,23,1.1,0,1,#N/A,44,4.4,24,24.0125,0.315861016,1,0,#N/A
37340,"Palm Bay-Melbourne-Titusville, FL",Metropolitan Statistical Area,656385.305,240833.0937,52424,166,297,0.3,34,1,#N/A,644,5,24,18.8,0.35893697,9,7,5
38300,"Pittsburgh, PA",Metropolitan Statistical Area,2423988.55,1101198.246,175902,2376,2706,348.6,211,9,173894249.5,5214,2.8,24,18.05,0.347247611,104,94,3
49660,"Youngstown-Warren, OH",Metropolitan Statistical Area,426292.6795,159095.7333,18224,0,40,#N/A,3,0,12127310.88,100,2.5,24,18.7625,0.308803568,0,6,6
10580,"Albany-Schenectady-Troy, NY",Metropolitan Statistical Area,909473.7573,443164.8002,62516,738,581,7.4,198,5,3805264.948,1556,4.8,24,22.3125,0.363827516,21,31,3
15380,"Buffalo-Cheektowaga, NY",Metropolitan Statistical Area,1159054.678,529813.5903,67281,582,683,#N/A,10,1,1690132.6,930,5,24,18.0875,0.346363409,15,18,5
44300,"State College, PA",Metropolitan Statistical Area,157632.5741,68725.88225,12214,2003,294,42.8,10,0,581121.0943,395,2.9,24,20.94285714,0.35657563,1,0,#N/A
17860,"Columbia, MO",Metropolitan Statistical Area,218482.1425,105685.0737,13410,390,139,4.3,8,2,305590.2764,264,3,24,21.625,0.346955682,0,2,#N/A
29180,"Lafayette, LA",Metropolitan Statistical Area,414458.6405,174369.8309,18080,182,6,1.5,5,0,239098.6999,199,2.5,24,18.2875,0.320577948,11,2,6
16620,"Charleston, WV",Metropolitan Statistical Area,202175.932,103749.1808,9594,0,31,#N/A,0,0,9111.311997,710,6.7,24,16.4,0.339714914,1,0,#N/A
44100,"Springfield, IL",Metropolitan Statistical Area,205035.6056,132485.6826,8569,0,36,#N/A,1,0,#N/A,1915,4.9,23,24.775,0.369744037,0,1,#N/A
28700,"Kingsport-Bristol, TN-VA",Metropolitan Statistical Area,315229.1837,117157.4208,14127,0,35,#N/A,1,0,#N/A,36,3.6,23,18.3,0.323384478,2,0,6
46660,"Valdosta, GA",Metropolitan Statistical Area,152223.8483,54796.22781,4178,0,14,#N/A,0,0,#N/A,12,3.1,23,15.4,0.303110634,0,0,#N/A
24020,"Glens Falls, NY",Metropolitan Statistical Area,125543.0125,51244.14013,5535,0,12,#N/A,3,0,#N/A,47,3.8,23,14.4375,0.319613795,0,0,#N/A
31020,"Longview-Kelso, WA",Metropolitan Statistical Area,113408.368,41216.74456,2783,0,11,#N/A,2,0,#N/A,17,3.4,23,24.1,0.293803268,0,0,#N/A
27780,"Johnstown, PA",Metropolitan Statistical Area,130708.9442,47610.16102,6079,0,8,#N/A,0,0,#N/A,45,2.3,23,17.64285714,0.329254681,0,0,#N/A
26300,"Hot Springs, AR",Metropolitan Statistical Area,99856.29195,37953.45781,3831,0,8,#N/A,0,0,#N/A,19,3.5,23,17.025,0.306539854,0,0,#N/A
39300,"Providence-Warwick, RI-MA",Metropolitan Statistical Area,1686816.089,705017.2085,95150,598,708,26.7,150,1,3893338.275,3401,3.1,23,22.2125,0.338457528,14,8,5
22900,"Fort Smith, AR-OK",Metropolitan Statistical Area,231832.4652,95957.82529,7183,0,25,#N/A,0,0,9.002433,56,4,23,16.42857143,0.299059919,1,0,#N/A
28880,"Kiryas Joel-Poughkeepsie-Newburgh, NY",Metropolitan Statistical Area,708957.5912,263993.1377,36784,0,164,#N/A,2,0,#N/A,210,3.5,22,19.8375,#N/A,3,2,6
22500,"Florence, SC",Metropolitan Statistical Area,199028.9225,88465.12932,7526,0,20,#N/A,0,0,#N/A,54,3.7,22,23,0.311962287,1,0,#N/A
13900,"Bismarck, ND",Metropolitan Statistical Area,137281.7897,70542.46608,9880,0,14,#N/A,0,0,#N/A,992,3.3,22,16.9875,0.328074331,0,0,#N/A
44420,"Staunton-Stuarts Draft, VA",Metropolitan Statistical Area,128438.2029,50782.89667,5074,0,12,#N/A,0,0,#N/A,14,4.4,22,22.62857143,0.295841502,1,2,#N/A
47020,"Victoria, TX",Metropolitan Statistical Area,98958.3609,38487.16436,2851,0,11,#N/A,0,0,#N/A,57,2.3,22,10.6875,0.310299274,0,0,#N/A
35620,"New York-Newark-Jersey City, NY-NJ",Metropolitan Statistical Area,19486734.55,9334364.242,1358042,4397,31714,314.5,4885,31,75383390.97,43134,3.3,22,19.8375,0.362028988,2265,1585,3
24220,"Grand Forks, ND-MN",Metropolitan Statistical Area,103535.3056,52273.76374,5603,257,36,#N/A,0,0,2504.251045,123,4.1,22,17.9625,0.309696521,1,14,#N/A
48260,"Weirton-Steubenville, WV-OH",Metropolitan Statistical Area,113101.2491,36539.46166,4016,0,11,#N/A,0,0,591.700044,175,4.5,22,9.9,0.314064645,0,0,#N/A
19660,"Deltona-Daytona Beach-Ormond Beach, FL",Metropolitan Statistical Area,737250.5769,216580.2008,32117,142,189,#N/A,1,0,#N/A,259,5.8,21,19.81428571,0.319430859,6,2,5
31340,"Lynchburg, VA",Metropolitan Statistical Area,265496.4678,96773.06933,11797,35,70,#N/A,1,0,#N/A,77,4.1,21,15.3375,0.330565144,0,0,6
25220,"Hammond, LA",Metropolitan Statistical Area,138995.7134,47049.81334,4075,0,11,#N/A,0,0,#N/A,12,5.7,21,19.2625,0.30699491,0,0,#N/A
38340,"Pittsfield, MA",Metropolitan Statistical Area,127038.6905,58423.11926,7277,0,39,#N/A,1,0,#N/A,57,2.5,20,19.2,0.335808371,1,0,#N/A
39540,"Racine-Mount Pleasant, WI",Metropolitan Statistical Area,196728.8814,76272.12989,8570,0,29,#N/A,1,0,#N/A,87,2.7,20,23.7125,0.307534508,1,1,#N/A
26580,"Huntington-Ashland, WV-KY-OH",Metropolitan Statistical Area,367697.5224,137201.0651,14684,0,28,#N/A,0,0,#N/A,78,3.8,20,18,0.321995153,0,0,6
13220,"Beckley, WV",Metropolitan Statistical Area,110585.267,42199.7381,3713,0,8,#N/A,0,0,#N/A,10,4.6,20,13.6375,0.314910679,0,0,#N/A
42540,"Scranton--Wilkes-Barre, PA",Metropolitan Statistical Area,572565.7651,251758.3611,5244,0,88,#N/A,1,0,46163.74446,220,3.2,20,19.075,0.309178704,0,0,6
22420,"Flint, MI",Metropolitan Statistical Area,400634.4459,133004.4929,16897,0,60,#N/A,1,0,#N/A,126,2.9,19,15.7875,0.319368457,0,0,6
30340,"Lewiston-Auburn, ME",Metropolitan Statistical Area,115045.6806,48421.90718,3976,0,17,#N/A,0,0,#N/A,37,2.4,19,18.0625,0.318299577,2,0,#N/A
22520,"Florence-Muscle Shoals, AL",Metropolitan Statistical Area,157026.4289,54912.6827,5962,0,15,2.8,0,0,#N/A,23,3.1,19,16.85,0.304111478,0,0,#N/A
21300,"Elmira, NY",Metropolitan Statistical Area,80924.24424,33472.15846,5397,0,8,#N/A,0,0,#N/A,22,7,18,10.9625,0.319484607,1,0,#N/A
28100,"Kankakee, IL",Metropolitan Statistical Area,105398.3344,40855.60087,2950,0,6,#N/A,2,0,#N/A,31,3.8,18,17.2,0.308505962,1,0,#N/A
23900,"Gettysburg, PA",Metropolitan Statistical Area,107763.6839,33417.06888,3877,0,18,#N/A,0,0,775.526858,39,2.4,18,11.3,0.291593917,0,0,#N/A
37620,"Parkersburg-Vienna, WV",Metropolitan Statistical Area,87888.92009,36304.65087,3115,0,6,#N/A,0,0,#N/A,8,3.8,17,16.6625,0.325883682,0,0,#N/A
49020,"Winchester, VA-WV",Metropolitan Statistical Area,148815.0141,68244.71516,6599,0,26,#N/A,0,0,#N/A,71,6.9,0,0,0.322635284,0,0,#N/A
